id,swedish,status,severity,verdict,add_or_fix,direction,issue,why,verifier_note,current_properties
almond-biscuits,mandelbiskvier,validated,danger,confirmed,egg,missing-property,Mandelbiskvier missing egg (they are almond + sugar + egg white),Biskvier are made on egg white; also tagged plant-based/vegan-friendly which contradicts. (Secondary: contains-gluten is usually wrong — biskvier are typically gluten-free.),"Row 1831 has tree-nut and (oddly) contains-gluten but no egg, plus contradictory vegan-friendly. Biskvier are made on egg white by definition — egg missing is a certain danger. Secondary gluten-present point is a harmless false-contains.","contains-gluten,plant-based,processed,tree-nut,vegan-friendly"
beef-broth,nötbuljong,draft,danger,confirmed,beef,missing-property,Nötbuljong lacks the beef property,"Has animal-product,meat but not beef, so a recipe using nötbuljong/oxbuljong would show falsely free from nötkött. (Buljong products also frequently contain celery — worth checking, but beef is the certain miss.)","Row 94 has animal-product,meat but no beef. Nötbuljong/oxbuljong is by definition beef-derived — false 'free from nötkött' is certain, not conditional.","animal-product,meat"
beef-tallow,talg,draft,danger,confirmed,"meat,beef",missing-property,Talg (nöttalg) lacks meat and beef properties,"Rendered beef fat has only animal-product; recipes with talg would be falsely free from kött and nötkött. Compare bacon-fat, which correctly carries meat,pork.","Row 129 has only animal-product. Talg/nöttalg is rendered beef fat; missing meat and beef gives false 'free from kött/nötkött'. Sibling bacon-fat carries meat,pork, so this is an inconsistency, not a modeling choice.",animal-product
beer,öl,draft,danger,confirmed,contains-gluten,missing-property,Öl lacks contains-gluten,Beer is brewed from barley (and often wheat) malt; standard öl carries gluten unless explicitly gluten-free. A recipe with öl would be falsely marked 'fri från gluten'.,"Row 137 has only contains-alcohol,plant-based,vegan-friendly. Standard öl is brewed from barley/wheat malt and is EU-labeled with gluten grain; missing contains-gluten yields a false 'fri från gluten'. Clear dangerous miss.","contains-alcohol,plant-based,vegan-friendly"
biscoff,biscoff,validated,danger,confirmed,contains-gluten,missing-property,Speculoos/Biscoff cookies missing contains-gluten,Biscoff/speculoos are wheat-flour cookies; false 'fri från gluten' verdict.,"Row 1847: speculoos cookies tagged plant-based/vegan-friendly with no contains-gluten. Biscoff is a wheat-flour cookie, always. Certain false gluten-free, status validated.","plant-based,processed,vegan-friendly"
biscoff-spread,biscoff spread,validated,danger,confirmed,contains-gluten,missing-property,Biscoff spread missing contains-gluten,The spread is ~58% crushed speculoos wheat cookies.,Row 1848: no contains-gluten. Biscoff spread is ~58% crushed wheat speculoos. Certain danger.,"plant-based,vegan-friendly"
bone-marrow,benmärg,draft,danger,confirmed,meat,missing-property,Benmärg lacks meat (and beef) properties,Bone marrow is a beef/veal product (alias 'köttmärg'); with only animal-product it would yield a false 'free from kött/nötkött' verdict for meat avoiders.,"Row 171 has only animal-product; benmärg (alias köttmärg, 'beef marrow') is a beef product. Missing meat/beef → false 'free from kött/nötkött'.",animal-product
bordelaisesås,bordelaisesås,validated,danger,confirmed,sulfites,missing-property,Red-wine sauce missing sulfites (and alcohol/dairy likely),"Bordelaise is built on red wine (sulfites, residual alcohol) and finished with butter; row is plant-based/vegan with no sulfites.","Row 1853 tagged plant-based/vegan-friendly with no sulfites or alcohol. Bordelaise is red-wine-based (declarable sulfites, residual alcohol) and classically butter-finished. Sulfites/alcohol missing is a certain danger; the vegan tag is also wrong.","plant-based,processed,vegan-friendly"
bouillon-cube-beef,buljongtärning nöt,draft,danger,confirmed,beef,missing-property,Beef bouillon cube has meat but lacks the beef property,Buljongtärning nöt is made from beef; without the beef property a recipe using it would be marked free from nötkött. Celery is also a very common ingredient in Swedish bouillon cubes and is absent.,Row 174 has meat but no beef despite the product being beef by name. False 'free from nötkött' is certain. (Celery is common in Swedish buljongtärningar but brand-dependent — the beef miss alone confirms.),"animal-product,meat,processed"
braised-cabbage,brunkål,validated,danger,confirmed,dairy,bad-alias,Alias 'långkål' on a vegan brunkål entry — långkål is a different dish traditionally made with cream/milk,Halländsk långkål is kale cooked in grädde/mjölk (often with ham broth); mapping it to a plant-based/vegan-friendly entry would give a false free-from-mjölk (and possibly meat) verdict. 'Julkål' is similarly ambiguous. Row is validated.,"Aliases 'långkål;julkål' confirmed on a plant-based/vegan brunkål row (validated). Halländsk långkål is kale cooked in grädde/mjölk, often with skinkspad — alias match yields false mjölk-free (and meat-free) verdicts.","plant-based,vegan-friendly"
brown-sauce,brunsås,draft,danger,confirmed,"contains-gluten, meat",missing-property,Brunsås missing gluten and meat,Swedish brunsås is a wheat-flour roux on meat fond/sky (alias 'sky' confirms); only dairy is tagged.,Row has dairy+lactose only. Swedish brunsås is by definition a wheat-flour roux on köttfond/sky (alias 'sky' present) — missing contains-gluten and meat.,"animal-product,contains-lactose,dairy,processed"
bubbel,bubbel,validated,danger,confirmed,sulfites,missing-property,Sparkling wine missing sulfites,"Wine/champagne virtually always carries declarable sulfites; other wine-based rows in the register (balsamico, grå vinäger) have it.",Row 1859 has contains-alcohol but no sulfites. Sparkling wine virtually always exceeds the 10 mg/l sulfite declaration threshold; other wine rows in the register carry it. Confirmed missing.,"contains-alcohol,plant-based,vegan-friendly"
buljong,buljong,validated,danger,confirmed,"meat, celery (potentially fish)",missing-property,"Generic 'buljong' tagged plant-based,vegan-friendly with no meat/fish/celery",Unqualified buljong in Swedish recipes is usually köttbuljong/hönsbuljong and stock cubes routinely contain selleri; assuming plant-based produces false free-from verdicts for kött and selleri.,"Generic 'buljong' (alias buljongtärning, status validated) tagged plant-based/vegan-friendly. Unqualified buljong in Swedish recipes usually means kött-/hönsbuljong, and stock cubes routinely contain selleri — asserting vegan on a generic catch-all produces false free-from kött/selleri (and potentially fish) verdicts. Generic rows should carry no vegan assertion.","plant-based,vegan-friendly"
caesar-salad,caesarsallad,draft,danger,confirmed,egg,missing-property,Ready caesar salad missing egg,Caesar dressing is egg-based (mayonnaise/raw yolk) — the sibling row caesar-dressing correctly carries egg; the salad would give a false 'fri från ägg'.,Row 1825 carries gluten/dairy/fish but no egg. Caesar dressing is egg-based (raw yolk/mayonnaise) in the standard product; sibling caesar-dressing row reportedly has egg. Missing egg → false 'fri från ägg'.,"animal-product,contains-gluten,contains-lactose,dairy,doesnt-freeze-well,fish,processed,seafood"
char-siu-sauce,char siu sås,draft,danger,confirmed,contains-gluten,missing-property,Char siu sauce lacks contains-gluten (and often sesame),"Char siu sauce is soy-sauce/hoisin-based and typically contains wheat; many brands also contain sesame. Only soy is tagged, so gluten- or sesame-allergic users would get a false free-from.","Row 270 tagged soy only, marked vegan-friendly. Dominant brands (Lee Kum Kee) contain wheat flour and wheat-containing soy sauce — gluten is typical composition, so missing contains-gluten is a dangerous miss. Sesame is brand-dependent (weaker claim).","plant-based,processed,soy,vegan-friendly"
chicken-oyster,kycklingoystern,draft,danger,confirmed,mollusc,bad-alias,Alias 'ostron' means oyster (mollusc),"A recipe listing 'ostron' (real oysters) could match this chicken cut, which carries no mollusc property — false 'free from blötdjur/skaldjur' for a mollusc-allergic user. Keep 'ryggbit', drop 'ostron'.","Row 321 confirmed: alias list is 'ostron;ryggbit' and search terms include 'oyster'. A recipe listing 'ostron' (real oysters, mollusc) matches a chicken row with no mollusc property → false 'free from blötdjur/skaldjur'. Dangerous bad alias, drop 'ostron'/'oyster'.","animal-product,meat,needs-cooking,poultry"
choklad,choklad,validated,danger,confirmed,"dairy, contains-lactose",missing-property,"Generic 'choklad' tagged plant-based,vegan-friendly with no dairy/lactose (or soy)",Unqualified choklad is very often mjölkchoklad and nearly all chocolate contains soy lecithin (a labelled soy allergen); generic entry should carry at least dairy.,"Row verified: props plant-based,vegan-friendly only, no dairy/lactose/soy. Unqualified 'choklad' in Swedish recipes is very commonly mjölkchoklad, and virtually all chocolate (incl. dark) carries soy lecithin, a labelled allergen. Tagging it vegan-friendly with zero allergens yields dangerous false mjölk/soja-free verdicts.","plant-based,vegan-friendly"
chokladmousse,chokladmousse,validated,danger,confirmed,"dairy, contains-lactose, egg",missing-property,Chocolate mousse tagged plant-based/vegan-friendly with no dairy or egg,Classic mousse au chocolat is whipped cream + egg; a recipe with chokladmousse would be marked free from mjölk and ägg.,Row 1883 tagged plant-based/vegan-friendly with no dairy/egg. Classic chokladmousse is whipped cream + egg; a vegan default is not a legitimate cautious model for this generic term. False 'fri från mjölk/ägg'.,"plant-based,processed,vegan-friendly"
cookie-butter,cookie butter,validated,danger,confirmed,contains-gluten,missing-property,Cookie butter (speculoospread) missing contains-gluten,Same product family as biscoff-spread: ground wheat cookies.,"Row 1893: same product family as biscoff-spread (aliases 'speculoospread', 'Biscoff spread'), no contains-gluten. Ground wheat cookies — certain danger.","plant-based,vegan-friendly"
cucumber-relish,bostongurka,validated,danger,confirmed,mustard,missing-property,Bostongurka missing mustard,Swedish bostongurka (Felix etc.) contains senapsfrön as a standard ingredient; senap is an EU-declared allergen.,"Row 1898 (bostongurka, validated) has no mustard property. Felix and other standard bostongurka list senapsfrön among ingredients; senap is an EU Annex II allergen. Confirmed missing.","doesnt-freeze-well,processed,vegan-friendly"
cumberland-sauce,cumberlandsås,validated,danger,confirmed,mustard,missing-property,Cumberlandsås classically contains mustard and port wine but carries neither mustard nor alcohol/sulfites,Standard Cumberland sauce = redcurrant jelly + portvin + senap(spulver) + citrus. Missing mustard gives a false free-from-senap verdict; missing contains-alcohol/sulfites (port) is a secondary miss.,"Row (validated) has no mustard, alcohol or sulfites. Classic Cumberlandsås = vinbärsgelé + portvin + senap; the mustard miss is a genuine senap safety gap; port → alcohol/sulfites secondary.","plant-based,vegan-friendly"
daim-bits,daim bits,validated,danger,confirmed,"dairy, contains-lactose, tree-nut",missing-property,Daim is milk chocolate with almond brittle but is tagged plant-based/vegan-friendly,Daim contains milk chocolate (dairy/lactose) and almonds (tree-nut); current props produce false 'free from mjölk/laktos/nötter' verdicts.,"Row 1900 tagged plant-based/vegan-friendly, status validated. Daim is milk chocolate over almond butter-toffee — dairy, lactose, and tree-nut all missing. Clearly wrong and the most dangerous row in the set.","plant-based,processed,vegan-friendly"
dill-sauce,dillsås,validated,danger,confirmed,dairy (+egg/gluten/fish depending on variant),missing-property,Dillsås marked plant-based/vegan with no allergen props,"Classic Swedish dillsås is either a roux-based sauce (wheat flour + cream, often fish stock) or a cold mayo/gräddfil-based sauce — dairy and typically egg or gluten. As tagged it produces false 'free from mjölk/ägg/gluten' and even a false vegan claim; and it's status=validated.","Row (validated) is plant-based,vegan-friendly with zero allergen props. Classic dillsås is roux (wheat) + grädde, often fish stock, or gräddfil/mayo-based — dairy at minimum is typical; false mjölk-free plus a false vegan claim.","doesnt-freeze-well,plant-based,vegan-friendly"
dumpling-frozen,dumplings frysta,draft,danger,confirmed,pork/meat/soy,missing-property,"Frozen dumplings marked plant-based/vegan-friendly, but aliases 'gyoza;dim sum' colloquially mean pork/meat-filled dumplings that also usually contain soy and egg",Typical frozen gyoza are pork+soy; matching 'gyoza' to a vegan gluten-only row gives false 'free from fläsk/kött/soja' verdicts. Either split vegan vs meat variants or add meat/pork/soy conservatively.,Row 469 marked plant-based/vegan-friendly with aliases 'gyoza;dim sum'. Typical frozen gyoza/dim sum are pork-filled with soy (and often egg); matching those terms to a gluten-only vegan row gives false 'free from fläsk/kött/soja'. Confirmed via the alias blast radius.,"contains-gluten,needs-cooking,plant-based,processed,vegan-friendly"
falukorv,falukorv,draft,danger,confirmed,beef,missing-property,Falukorv is by definition a pork-and-BEEF sausage but lacks the beef property,Swedish falukorv (protected designation) is made from a mix of fläsk- och nötkött. Missing 'beef' gives a false 'free from nötkött' verdict. Many brands also contain potato starch and sometimes milk protein — worth a compound-product note.,"Props have pork+meat but no beef. Falukorv per Swedish standard and all mainstream brands (Scan, Lithells) is a nöt- och fläskköttskorv — beef is defining, not occasional. False 'free from nötkött'.","animal-product,meat,needs-cooking,pork,processed"
furikake,furikake,draft,danger,confirmed,fish,missing-property,Furikake lacks the fish property (and usually soy) despite typically containing dried bonito/katsuobushi flakes and soy sauce,Generic 'seafood' is not a fish trigger in the config; most furikake blends contain bonito (fish) and often soy — a fish-allergic user would get a false 'free from fisk' verdict. Soy is likewise commonly present and missing.,"Row 557 has animal-product,seafood,sesame but 'seafood' is not a config trigger and fish is absent. Typical furikake is katsuobushi (bonito, fish) based — the row itself acknowledges seafood content while failing to fire the fish trigger. Soy also commonly present and missing (secondary).","animal-product,processed,seafood,sesame"
garlic-sauce,vitlökssås,validated,danger,confirmed,"egg, dairy, contains-lactose",missing-property,"Vitlökssås/kebabsås marked plant-based,vegan-friendly with no egg/dairy — Swedish vitlökssås/kebabsås is almost always mayonnaise- or crème fraiche/gräddfil-based",Row is even 'validated'; an egg- or milk-allergic user would see a false 'free from ägg/mjölk' verdict on any kebab recipe.,Row (status: validated!) is plant-based/vegan-friendly with alias 'kebabsås'. Swedish vitlökssås/kebabsås is standardly mayonnaise or crème fraiche/gräddfil based → missing egg+dairy gives a false free-from on every kebab/pizza recipe. High-traffic and dangerous.,"plant-based,vegan-friendly"
glogg,glögg,draft,danger,confirmed,sulfites,missing-property,Glögg missing sulfites,"Glögg is wine-based; other wine rows in this chunk (rott-vin, vitt-vin, vermouth) correctly carry sulfites.",Row has contains-alcohol (so it models the wine-based product) but no sulfites; wine-based glögg carries sulfites like the sibling wine rows that do have the property.,"contains-alcohol,plant-based,vegan-friendly"
hallonmousse,hallonmousse,validated,danger,confirmed,dairy,missing-property,Raspberry mousse marked vegan/plant-based; mousse typically contains whipped cream and/or egg white (and gelatin),"Compound dessert product; default preparation carries dairy/egg, so mjölk/ägg free-from verdicts are unsafe.","Marked vegan-friendly with no dairy/egg. Typical Swedish hallonmousse is whipped cream (and/or egg white/gelatin) based — dairy is the default composition, so a 'fri från mjölk' verdict is unsafe.","plant-based,processed,vegan-friendly"
hazelnut-cream,hasselnötskräm,draft,danger,confirmed,dairy,bad-alias,Alias 'nötkräm' colloquially means Nutella-type spread which contains milk,"The row is tagged plant-based/vegan, but 'nötkräm' in Swedish usage is a chocolate-hazelnut spread (Nutella-style) containing skimmed-milk powder. Matching 'nötkräm' to this dairy-free row yields a false 'free from mjölk'.","Row 1726 is pure hazelnut butter ('Inte samma som Nutella') without dairy, but alias 'nötkräm' in everyday Swedish means Nutella-style chocolate spread containing skimmed-milk powder. Recipes saying 'nötkräm' match this dairy-free row → false 'fri från mjölk'. Fix the alias, not the props.","plant-based,tree-nut,vegan-friendly"
herring-pickled,inlagd sill,draft,danger,confirmed,mustard,bad-alias,Alias 'senapssill' is a mustard-based product but row lacks senap trigger (mustard),Senapssill is sill in mustard sauce — matching it to this row yields a false 'free from senap' verdict for a mustard allergic. Either drop the alias or the alias needs its own mustard-carrying entry.,Row 644 has alias 'senapssill' but no mustard property. Senapssill is definitionally herring in mustard sauce → false 'free from senap' for a mustard allergic. Confirmed.,"animal-product,fish,processed,seafood"
herring-salad,sillsallad,draft,danger,confirmed,"dairy, egg",missing-property,Sillsallad missing dairy/egg from the dressing,"Classic rödbetssillsallad is bound with gräddfil/vispgrädde and/or mayonnaise — dairy and often egg. Only fish is tagged, so a milk- or egg-allergic user gets a false free-from verdict.","Row 1792 tags only fish, yet its own description says 'sill, rödbeta och gräddfil' — gräddfil (sour cream) is a defining ingredient, so dairy is missing for certain. Egg (mayo) is common but variable; dairy alone makes this a confirmed danger.","animal-product,doesnt-freeze-well,fish,processed,seafood"
hp-sauce,hp-sås,draft,danger,confirmed,contains-gluten,missing-property,HP sauce contains barley malt vinegar but row lacks contains-gluten,HP-sås is labeled with korn (barley malt vinegar) as an allergen in the EU; without contains-gluten a recipe with HP-sås is falsely marked glutenfri.,"Row 654 has no contains-gluten. HP sauce contains barley malt vinegar and rye flour, both EU-labeled gluten grains — gluten is certain in the branded product the row names. Confirmed.","nightshade,plant-based,processed,vegan-friendly"
imat-fraiche,imat fraiche,validated,danger,confirmed,dairy,missing-property,iMat fraiche marked plant-based/vegan-friendly; Arla iMat is a lactose-free DAIRY product — missing dairy,"iMat is lactose-free but milk-based; a milk-allergic user would get a false 'fri från mjölk' verdict. (If the intent was an oat-based cooking cream, the alias 'lätt creme fraiche' still pulls in dairy products.)",CSV row is plant-based/vegan-friendly with no dairy. In Sweden 'iMat fraiche' is Arla's lactose-free but MILK-based cooking cream; the alias 'lätt creme fraiche' is unambiguously dairy. Missing dairy → false 'fri från mjölk'. The row's own description claiming oat-based conflicts with the canonical product name.,"doesnt-freeze-well,plant-based,processed,vegan-friendly"
köttbuljong,köttbuljong,validated,danger,confirmed,meat,missing-property,"Meat broth lacks the 'meat' property (only animal-product,processed)",kött verdict is driven by the meat property; oxbuljong alias also suggests beef. Recipe with köttbuljong would show 'fri från kött'.,"Props are only animal-product,processed — no 'meat' (or beef) property despite name köttbuljong/oxbuljong. Meat broth carries meat allergen-source; false 'fri från kött' confirmed.","animal-product,processed"
leverpatté,leverpatté,validated,danger,confirmed,pork,missing-property,Liver pâté has meat but not pork; Swedish leverpastej is pork-liver based,Users filtering fläsk would get a false free-from; leverpastej also commonly contains milk (secondary).,"Row has meat but no pork. Swedish leverpastej is standardly pork liver + pork fat (svål/späck); pork is the typical composition, so missing pork → false 'fri från fläsk'.","animal-product,meat,processed"
light-margarine,lättmargarin,draft,danger,confirmed,dairy,missing-property,Marked plant-based/vegan-friendly with no dairy; common Swedish lättmargarin (e.g. Lätta) contains buttermilk/milk,Many 40% margarines list kärnmjölk or mjölkprotein among ingredients; missing dairy (and contains-lactose) produces a false 'fri från mjölk' verdict.,"Row 744 marked plant-based/vegan-friendly, no dairy. The archetypal Swedish lättmargarin (Lätta) lists kärnmjölk (buttermilk); milk components are typical in 40% margarines. Missing dairy/contains-lactose → false 'fri från mjölk'.","plant-based,processed,vegan-friendly"
liver-pate,leverpastej,draft,danger,confirmed,dairy,missing-property,Missing dairy (and typically contains-lactose),Swedish leverpastej standardly contains milk/cream (mjölkprotein) — e.g. all mainstream brands list mjölk. Only pork/meat tagged → false 'free from mjölk' verdict.,Row 756 has pork/meat but no dairy. Mainstream Swedish leverpastej brands standardly contain milk/cream (mjölk is a declared allergen on the major brands) → false 'free from mjölk'. Confirmed.,"animal-product,meat,needs-cooking,pork,processed"
maggi-seasoning,maggikrydda,validated,danger,confirmed,contains-gluten,missing-property,"Maggi liquid seasoning marked plant-based only; European Maggi is hydrolyzed WHEAT protein (contains gluten, often labeled contains wheat)",Standard EU Maggi Würze declares vete; missing contains-gluten yields a false gluten-free verdict. Soy may also apply for some variants.,Row is plant-based/vegan-friendly with no contains-gluten. European Maggi Würze is hydrolyzed wheat protein and declares 'vete' on-label; missing contains-gluten → false gluten-free. Dangerous.,"plant-based,processed,vegan-friendly"
malsocker,malsocker,validated,danger,confirmed,contains-gluten,missing-property,"Aliased 'maltsocker, maltextrakt' but no contains-gluten — barley malt extract contains gluten","Malt/maltextrakt is made from korn (barley), an EU-declared gluten grain; false gluten-free verdict for coeliacs.","Aliases include 'maltextrakt'; malt/malt extract is made from barley (korn), an EU-declared gluten cereal. Row has no contains-gluten → false gluten-free for coeliacs. Pure maltose would be GF, but the maltextrakt alias makes gluten typical composition.","plant-based,vegan-friendly"
muesli,müsli,draft,danger,confirmed,tree-nut,missing-property,Generic müsli commonly contains nuts but has no tree-nut property,Blandad müsli very often contains hasselnötter/mandel; alias 'blandad müsli' explicitly covers mixed variants. Missing tree-nut yields a false 'free from nötter' verdict for a nut allergic — the most dangerous allergen to miss.,Row has only contains-gluten/plant-based/vegan-friendly with alias 'blandad müsli'. Mixed müsli in Sweden typically contains hazelnuts/almonds; missing tree-nut yields a false 'fri från nötter' on the most dangerous allergen.,"contains-gluten,plant-based,vegan-friendly"
naan,naanbröd,draft,danger,confirmed,dairy,missing-property,Missing dairy (and often egg); tagged vegan-friendly,"Naan is traditionally made with yoghurt and/or milk/ghee, and store-bought Swedish naan almost always lists mjölk. Without dairy/contains-lactose the app would call a naan recipe free from mjölk.","Row 870 marked vegan-friendly with only contains-gluten. Naan is traditionally yoghurt/milk/ghee-based and Swedish store naan almost always lists mjölk — dairy is typical composition, missing dairy/contains-lactose → false 'fri från mjölk'.","contains-gluten,plant-based,vegan-friendly"
nubbe-salad,nubbesallad,draft,danger,confirmed,"dairy, egg",missing-property,Nubbesallad missing dairy/egg from the dressing,Nubbesallad (herring salad with aquavit) is dressed with gräddfil/mayonnaise like sillsallad — dairy/egg missing while fish and alcohol are tagged.,"Row 1793 tags fish+alcohol only. Nubbesallad is a sillsallad variant standardly bound with gräddfil/vispgrädde — dairy missing. Egg less universal, but the dairy gap alone is dangerous.","animal-product,contains-alcohol,doesnt-freeze-well,fish,processed,seafood"
oyster-sauce,ostronsås,draft,danger,confirmed,contains-gluten,missing-property,Commercial ostronsås almost always contains wheat and often soy — contains-gluten (and soy) missing,"Typical oyster sauce (Lee Kum Kee etc.) lists wheat flour/soy; only mollusc is tagged, so a gluten-allergic user gets a false gluten-free verdict on recipes with ostronsås.",Row has only mollusc/seafood/animal-product. Commercial ostronsås (Lee Kum Kee etc.) standardly lists wheat flour (and often soy) → false gluten-free verdict. Wheat is near-universal in the category.,"animal-product,mollusc,seafood"
pancake-mix,pannkaksmix,draft,danger,confirmed,dairy (and likely egg),missing-property,"Swedish pannkaksmix almost always contains milk powder (skummjölkspulver) and often egg powder — no dairy/lactose/egg props, and 'vegan-friendly' is wrong","Mainstream mixes (Kungsörnen etc.) list skummjölkspulver; some include egg. As tagged, a recipe using pannkaksmix would be marked free from mjölk/laktos — a false free-from for a dairy-allergic user.",Row is plant-based/vegan-friendly with no dairy/lactose/egg. Mainstream Swedish pannkaksmix (Kungsörnen) lists skummjölkspulver as standard → false 'fri från mjölk/laktos' for dairy-allergic.,"contains-gluten,plant-based,processed,vegan-friendly"
pastejer,pastejer,validated,danger,confirmed,meat,bad-alias,"Marked plant-based/vegan but aliased 'paté, leverpastej' — liver pâté is a meat/pork product",A recipe listing 'leverpastej' could match this vegan-marked row and be declared free from kött/fläsk. Row 126 (paté) is the correct meat version; this row's aliases collide with it.,"Row 2076 tagged plant-based/vegan-friendly yet aliased 'paté, leverpastej' — leverpastej is a pork/liver product. A recipe listing leverpastej matches this row and is declared free from kött/fläsk. Validated status makes it worse. Confirmed dangerous alias collision.","plant-based,processed,vegan-friendly"
pea-soup,ärtsoppa,draft,danger,confirmed,"meat, pork",missing-property,Ärtsoppa tagged plant-based/vegan-friendly; Swedish canned ärtsoppa normally contains fläsk,"Standard ärtsoppa (burk) contains pork; the kött/fläsk filters would show a false 'free from' for the typical product. If the row is meant as vegetarian, aliases 'ärtsoppa burk/färdig' point at the pork product.","Row 1810 tagged plant-based/vegan-friendly, but aliases 'ärtsoppa burk/ärtsoppa färdig' point at the standard canned product, which normally contains fläsk. Matching a recipe's 'ärtsoppa burk' to this row → false 'fri från kött/fläsk'. Either props or aliases must change.","plant-based,processed,vegan-friendly"
piccalilli,piccalilli,validated,danger,confirmed,mustard,missing-property,Piccalilli is a mustard-based pickle but has no mustard property,"Piccalilli's sauce is defined by mustard (senapspulver/senapsfrö) plus turmeric and vinegar; a senap-allergic user would get a false 'free from senap' verdict. Vinegar base also suggests sulfites, but mustard is the critical miss. Row is even marked validated.","Row (validated) is plant-based,vegan-friendly with no mustard. Mustard is the defining ingredient of piccalilli's sauce → false senap-free verdict.","plant-based,vegan-friendly"
polsa,pölsa,draft,danger,confirmed,contains-gluten,missing-property,Pölsa missing contains-gluten,Pölsa/lungmos is made with korngryn (barley groats) — barley → contains-gluten per EU rules. Currently a gluten-allergic user would see pölsa as gluten-free.,Row 1670 has meat/pork but no contains-gluten. Pölsa is traditionally made with korngryn (barley) as a core ingredient per Swedish norms — barley → gluten. Dangerous false gluten-free.,"animal-product,meat,needs-cooking,pork,processed"
pork-blood-sausage,blodkorv,draft,danger,confirmed,contains-gluten,missing-property,Blodkorv lacks contains-gluten,Swedish blodkorv is thickened with rågmjöl/vetemjöl (rye/wheat flour) as a defining ingredient — a gluten-free verdict on a recipe with blodkorv would be false.,"Row has meat,pork but no contains-gluten. Swedish blodkorv is defined by its rye/wheat-flour binder — gluten is not optional in the traditional product.","animal-product,meat,pork,processed"
pork-hot-dog,varmkorvsbröd,draft,danger,confirmed,pork/meat,other,"Swedish name 'varmkorvsbröd' means hot-dog BREAD (the bun), but the row is typed as a pork sausage (meat/pork props, protein/meat/pork group)","If a recipe says 'varmkorvsbröd' it matches this row and gets pork+meat (false contains) — but a hot-dog bun typically contains milk and possibly sesame, which are then MISSING, so a dairy/sesame-sensitive user could get a false free-from verdict. Either rename to the sausage ('varmkorv' already lives on wiener-sausage) or retype as a bread with contains-gluten (+dairy).","Row swedish name is literally 'varmkorvsbröd' (the BUN) but typed protein/meat/pork with pork+meat+gluten props. A recipe's bun ingredient maps to a sausage; bun's typical dairy (and possible sesame) missing → false free-from, plus false pork-contains. Real naming defect confirmed in data.","animal-product,contains-gluten,meat,needs-cooking,pork,processed"
pork-trotter,grisfötter,draft,danger,confirmed,contains-gluten,bad-alias,"Alias 'kroketter' means croquettes (a breaded potato/meat product), not grisfötter","A recipe listing 'kroketter' would map to pig trotters (pork only). Croquettes are breaded (contains-gluten, often dairy/egg) — mapping them here yields a false gluten-free/dairy-free verdict.","Alias 'kroketter' is present on grisfötter (props: pork/meat only). Croquettes are breaded (gluten, often egg/dairy) → false gluten-free verdict for 'kroketter' recipes. Alias is simply wrong.","animal-product,meat,needs-cooking,pork"
potato-salad-prepared,potatissallad färdig,draft,danger,confirmed,egg,missing-property,Färdig potatissallad lacks egg (and often mustard/dairy) and is marked vegan-friendly,"Swedish store potato salad is mayonnaise- or crème-fraiche-based → egg (and often senap, mjölk) missing produces false free-from verdicts.","Row is plant-based/vegan-friendly (grouped vegetable/root). Swedish färdig potatissallad (Rydbergs) is mayonnaise/crème-fraiche based → egg and dairy missing, false free-from verdicts on a 'validated'-style deli staple.","doesnt-freeze-well,nightshade,plant-based,processed,vegan-friendly"
pressylta,pressylta,validated,danger,confirmed,pork,missing-property,Pressylta (brawn) marked dairy+contains-lactose but missing pork; it is a pork head-meat product with no dairy,Missing pork gives a false 'fri från fläsk'; the dairy/contains-lactose flags are simultaneously wrong-property (false contains mjölk/laktos).,"Pressylta is pork head-meat brawn; row has meat but no pork → false 'fri från fläsk'. The dairy+contains-lactose flags are also wrong-property noise (head cheese contains no dairy), corroborating a garbled row.","animal-product,contains-lactose,dairy,meat,processed"
pytt-i-panna,pytt i panna,draft,danger,confirmed,pork,missing-property,Pytt i panna tagged beef only — typical pytt contains pork (bacon/falukorv/skinka),Standard Swedish pytt i panna mixes beef with fläsk/bacon or korv; a fläsk-avoiding user (allergy or religious) gets a false 'free from fläsk' verdict. Egg is already covered.,"Row has beef+egg only. Standard Swedish pytt (homemade and commercial, e.g. Felix) contains fläsk via bacon/falukorv/skinka — pork is genuinely typical and missing.","animal-product,beef,egg,meat,needs-cooking"
quorn-mince,quornfärs,draft,danger,confirmed,egg,missing-property,Standard Quorn contains egg white (mycoprotein binder) but row has no egg and is marked vegan-friendly,Regular Quorn färs sold in Sweden uses egg albumen; only the explicitly vegan line is egg-free. Missing egg → false 'fri från ägg' verdict.,Row is plant-based/vegan-friendly with no egg. Standard Quorn färs uses egg albumen as binder; only the separate vegan line is egg-free. False 'fri från ägg' and wrong vegan flag.,"plant-based,processed,vegan-friendly"
quorn-pieces,quornbitar,draft,danger,confirmed,egg,missing-property,Standard Quorn pieces contain egg white but row lacks egg and claims vegan-friendly,Same as quorn-mince: default Quorn products contain egg albumen (and sometimes milk protein).,Same as quorn-mince: default Quorn bitar contain egg white (sometimes milk protein); row claims vegan-friendly with no egg → false egg-free verdict.,"plant-based,processed,vegan-friendly"
ravioli,ravioli,draft,danger,confirmed,egg,missing-property,Ravioli lacks egg and dairy despite fresh egg-pasta shell and typically cheese (ricotta) filling; marked vegan-friendly,Store ravioli is nearly always egg pasta with cheese-based filling → false free-from egg/mjölk verdicts.,"Row: contains-gluten,plant-based,vegan-friendly only. Store ravioli is nearly always egg pasta with cheese-based filling → false free-from ägg/mjölk, and vegan-friendly is plainly wrong.","contains-gluten,plant-based,vegan-friendly"
ready-pesto,färdig pesto,draft,danger,confirmed,dairy,missing-property,Färdig pesto lacks dairy/contains-lactose and is marked vegan-friendly,Jarred pesto (green) almost always contains parmesan/grana padano and pecorino → milk allergen missing.,Row has tree-nut but is plant-based/vegan-friendly with no dairy. Jarred green pesto standardly contains parmesan/pecorino → false 'fri från mjölk'.,"plant-based,processed,tree-nut,vegan-friendly"
ready-tikka-masala,färdig tikka masala,draft,danger,confirmed,dairy,missing-property,Färdig tikka masala lacks dairy and is marked vegan-friendly,Tikka masala jar sauces standardly contain cream and/or yoghurt; also frequently almond (tree-nut). Missing dairy → false free-from mjölk.,"Row is plant-based/vegan-friendly, no dairy. Jar tikka masala sauces (Santa Maria etc.) standardly contain cream and/or yoghurt, often almond → false free-from mjölk.","plant-based,processed,vegan-friendly"
reindeer-blood-sausage,renblodkorv,draft,danger,confirmed,contains-gluten,missing-property,Renblodkorv lacks contains-gluten,Blood sausage recipes (incl. renblodkorv) use rye/barley/wheat flour as binder; same false gluten-free risk as blodkorv.,"Row has game,meat but no gluten. Blood sausage incl. renblodkorv uses rye/barley/wheat flour as the standard binder — same false gluten-free risk.","animal-product,game,meat,processed"
remoulade,remouladsås,draft,danger,confirmed,mustard,missing-property,Remouladsås lacks mustard (senap),Danish/Swedish remoulade recipes and commercial products contain mustard as a standard ingredient; egg is present but senap is missing → false 'fri från senap'.,"Row has egg but no mustard. Scandinavian remoulade (Danish-style, Rydbergs etc.) standardly contains senap/mustard seed — an EU-listed allergen → false 'fri från senap'.","animal-product,egg,processed"
rom,rom,draft,danger,confirmed,fish,bad-alias,'rom' (the rum beverage) collides with Swedish 'rom' = fish roe,"In recipe text 'rom' very often means fiskrom (roe), which carries fish. Matching it to an alcohol beverage entry yields a false free-from-fisk verdict. The entry needs disambiguation (e.g. 'mörk rom') or a guard.",Row 'rom' = rum with no fish property and no disambiguating aliases. In Swedish recipe text 'rom' frequently means fiskrom; a bare-word match maps roe to an alcohol row → false fisk-free verdict. Needs disambiguation.,"contains-alcohol,plant-based,vegan-friendly"
sandwich-sauce,smörgåssås,validated,danger,confirmed,egg,missing-property,Smörgåssås marked plant-based/vegan without egg,Smörgåssås is a mayonnaise-based condiment (mayo + cream/yoghurt) — egg and usually dairy. Missing egg gives a false 'free from ägg' verdict; validated status makes it worse.,"Row (line 1655) is plant-based/vegan-friendly with no egg/dairy; description itself says 'Tunn remoulad-liknande sås' — remoulade is mayonnaise-based, so egg is genuinely typical. False 'fri från ägg', and status=validated.","plant-based,vegan-friendly"
shrimp-paste,räkost,validated,danger,confirmed,dairy,missing-property,"Named 'räkost' (shrimp cheese spread, Kalles-style) but lacks dairy/contains-lactose (and typically egg); räkost is a dairy product",Swedish räkost is a cheese-based spread; a milk-allergic user would get a false 'free from mjölk'. Also a confused mapping: 'shrimp paste' (SE-Asian fermented) and räkost are different products.,Row (Swedish name räkost) has crustacean but no dairy/contains-lactose. Räkost is a cheese-based spread (Kalles-style tube) — dairy is core composition → false 'fri från mjölk'. Also a genuine EN/SV mapping confusion (SE-Asian shrimp paste vs räkost).,"animal-product,crustacean,needs-cooking,processed,seafood"
skaldjursfond,skaldjursfond,validated,danger,confirmed,crustacean,missing-property,"Shellfish stock has only 'seafood', missing crustacean (and fish per alias 'fiskkraft')",Skaldjursfond is made from crustacean shells (often with fish); the kräftdjur and fisk allergen checks won't trigger on generic 'seafood' alone.,Shellfish stock is made from crustacean shells (and per alias 'fiskkraft' often fish); row has only generic 'seafood'. kräftdjur (and fisk) verdicts falsely free → confirmed.,"animal-product,processed,seafood"
small-beer,svagdricka,draft,danger,confirmed,contains-gluten,missing-property,Svagdricka lacks contains-gluten,"Svagdricka is brewed from malted barley (korn) — a fermented, non-distilled malt beverage carries gluten, like beer. Alcohol is tagged but gluten is not.","Row has contains-alcohol but no gluten. Svagdricka is a fermented, non-distilled malted-barley beverage — carries gluten like beer.","contains-alcohol,plant-based,vegan-friendly"
speculaas,speculaas,validated,danger,confirmed,contains-gluten,missing-property,Spekulatius spice cookies are wheat-based (usually with butter) but carry no contains-gluten,Speculaas is a wheat cookie; often contains butter (dairy) too. False 'free from gluten' verdict.,"Marked vegan-friendly with no contains-gluten. Speculoos/spekulatius are wheat-flour cookies — gluten is invariant composition → false gluten-free. (Butter/dairy varies; famous brands are actually vegan, so dairy part weaker, but gluten miss stands.)","plant-based,processed,vegan-friendly"
spring-rolls-frozen,vårrullar frysta,draft,danger,confirmed,soy,missing-property,Frozen spring rolls missing soy (and possibly sesame),"Frozen vårrullar almost universally contain soy sauce in the filling; only gluten is tagged, so a 'free from soja' verdict would be false.","Row has gluten only, marked vegan-friendly. Frozen vårrullar fillings near-universally contain soy sauce (an EU allergen, not exempt like refined oil) → false 'fri från soja'.","contains-gluten,needs-cooking,plant-based,processed,vegan-friendly"
ssamjang,ssamjang,draft,danger,confirmed,contains-gluten,missing-property,Ssamjang missing contains-gluten,"Ssamjang is doenjang + gochujang; commercial gochujang and doenjang almost always contain wheat. Soy is tagged, gluten is not.",Row 1764 tags soy only. Commercial ssamjang (doenjang+gochujang base) almost always declares wheat; gluten-free versions are specialty items. Typical composition rule → gluten should be present.,"plant-based,processed,soy,vegan-friendly"
streusel,streusel,validated,danger,confirmed,contains-gluten,missing-property,Streusel/smulpaj crumble is wheat flour + butter but marked plant-based/vegan with no gluten or dairy,"Crumble topping is flour, butter, sugar — missing contains-gluten AND dairy/contains-lactose produces false free-from gluten and mjölk.","Marked plant-based/vegan-friendly, no contains-gluten or dairy. Streusel/smulpaj topping is by definition wheat flour + butter + sugar → false free-from gluten AND mjölk. Gluten miss alone is dangerous.","plant-based,processed,vegan-friendly"
surimi,surimi,draft,danger,confirmed,"contains-gluten, egg",missing-property,Surimi lacks contains-gluten and egg despite fish-only props,"Commercial surimi/crabsticks almost always contain wheat starch and egg white as binders; with only fish tagged, recipes would show false 'free from gluten/ägg' verdicts.",Row has fish only. Commercial surimi/crabsticks almost universally use wheat starch and egg white as binders → false gluten-free and egg-free verdicts.,"animal-product,fish,processed,seafood"
swede-casserole,kålrotslåda,draft,danger,confirmed,"egg, contains-gluten",missing-property,Kålrotslåda missing egg and gluten; alias 'rotmos' means a different dish,Traditional kålrotslåda contains egg and breadcrumbs/flour. Also bad-alias: rotmos is mashed swede+potato with no egg/gluten/dairy required — matching 'rotmos' to this row gives wrong verdicts both ways.,"Row 1823 has dairy/lactose but no gluten or egg; traditional/ready kålrotslåda (lanttulaatikko-style) standardly contains ströbröd and egg — gluten missing is genuinely typical, egg very common. Alias 'rotmos' additionally maps a plain mash to a dairy row (wrong both directions). Confirmed on the gluten gap at minimum.","animal-product,contains-lactose,dairy,processed"
swedish-meatballs,köttbullar,draft,danger,confirmed,"contains-gluten, dairy, contains-lactose, pork",missing-property,"Köttbullar missing gluten, dairy and pork (only beef+egg present)","Classic Swedish köttbullar use blandfärs (pork+beef), breadcrumbs (wheat) and milk/cream — gluten-, milk- and pork-avoiding users get false free-from verdicts.","Row has only animal-product,beef,egg,meat. Classic köttbullar use blandfärs (pork+beef), ströbröd (wheat) and mjölk/grädde — gluten, dairy/lactose and pork are all genuinely typical and missing.","animal-product,beef,egg,meat,needs-cooking"
tartar-sauce,tartarsås,validated,danger,confirmed,egg,missing-property,Tartarsås/remoulad is mayonnaise-based but marked plant-based/vegan with no egg,Tartar sauce is mayo (egg) + pickles; often also mustard. Egg-allergic user gets false free-from ägg.,"Marked plant-based/vegan-friendly with no egg, yet the row's own Swedish description says 'Majonnäsbaserad sås' — mayonnaise = egg. False 'fri från ägg' confirmed; remoulad alias also typically implies mustard.","plant-based,processed,vegan-friendly"
tom-kha-paste,tom kha-pasta,validated,danger,confirmed,crustacean,missing-property,"Has only generic 'seafood', missing crustacean and fish",Tom kha paste typically contains shrimp paste and/or fish sauce; without crustacean/fish props the specific kräftdjur/fisk verdicts show falsely free. Generic 'seafood' only covers the combined skaldjur badge.,"Row asserts animal-product,seafood but lacks crustacean/fish. The data itself acknowledges seafood content (typ. shrimp paste/fish sauce), so the specific kräftdjur/fisk checks falsely show free; only the combined skaldjur badge is covered. Confirmed as data model asserts seafood presence.","animal-product,seafood"
tortellini,tortellini,draft,danger,confirmed,"egg, dairy",missing-property,Filled pasta missing egg and dairy properties,"Tortellini is typically egg pasta filled with cheese (ricotta/parmesan); it carries animal-product + contains-gluten only, so mjölk/laktos/ägg verdicts would be falsely 'free from'.",Row: animal-product + contains-gluten only. Tortellini is by definition egg pasta with cheese/meat filling; missing egg and dairy → false 'fri från ägg/mjölk'.,"animal-product,contains-gluten"
vaniljprotein,vaniljprotein,validated,danger,confirmed,dairy,missing-property,Marked plant-based/vegan but alias 'vassle vanilj' means whey protein (dairy),Whey protein is milk-derived; most 'vaniljprotein' is whey. Missing dairy + contains-lactose gives false free-from mjölk. Either add dairy or drop the vassle alias and vegan claim.,"Marked plant-based/vegan-friendly but alias 'vassle vanilj' = whey = milk-derived, and most vanilla protein powders sold in Sweden are whey. Missing dairy/contains-lactose → false 'fri från mjölk'. Either add dairy or split into separate plant/whey entries.","plant-based,processed,vegan-friendly"
veal-stock-concentrate,kalvfond koncentrat,draft,danger,confirmed,beef,missing-property,Kalvfond has meat but not beef,Kalv is bovine; a user avoiding nötkött would get a false free-from on recipes using kalvfond. Other veal row (veal) correctly carries beef.,"Row has meat but not beef. Kalv is bovine — anyone avoiding nötkött (allergy or otherwise) is exposed; the 'veal' row correctly carries beef, so this is an inconsistency too.","animal-product,meat,processed"
vegan-feta,vegansk fetaost,draft,danger,confirmed,soy,missing-property,Alias 'tofu-feta' on a row with no soy property,Tofu-feta is a soy product; alias match produces false soja-free verdict.,Alias 'tofu-feta' confirmed; row carries no soy. Tofu is soy by definition → false soja-free verdict.,"plant-based,vegan-friendly"
vegan-parmesan,vegansk parmesan,draft,danger,confirmed,tree-nut,missing-property,Alias 'nötparmesan' (nut parmesan) on a row with no tree-nut property,Vegan parmesan aliased as nut-based (typically cashew) but carries no tree-nut → false nötter-free verdict.,Alias 'nötparmesan' confirmed; row has no tree-nut. Vegan parmesan is typically cashew/almond-based → false nötter-free verdict via a nut-named alias.,"plant-based,vegan-friendly"
vegan-quark,vegansk kvarg,draft,danger,confirmed,soy,missing-property,Alias 'sojaqvarg' on a row with no soy property,Soy-based vegan quark matched via this alias would be reported soja-free.,"Alias 'sojaqvarg' confirmed; row has only plant-based,vegan-friendly, no soy. Soy-named product → false soja-free verdict.","plant-based,vegan-friendly"
vegetable-broth,grönsaksbuljong,validated,danger,confirmed,celery,missing-property,Grönsaksbuljong missing celery,Virtually all Swedish grönsaksbuljong cubes/fond list selleri among ingredients; celery is an EU-14 allergen and is absent.,"Row has no celery. Essentially all Swedish grönsaksbuljong products (Knorr, Kockens, fond) list selleri, an EU-14 allergen. Validated row, dangerous miss.","plant-based,vegan-friendly"
veggie-sausage,vegetarisk korv,draft,danger,confirmed,soy,missing-property,Vegetarisk korv aliased 'sojakorv' but carries no soy (and likely gluten),The alias explicitly names a soy product; matching 'sojakorv' to a row without soy yields a false soja-free verdict. Veggie sausages also commonly contain wheat protein.,Alias 'sojakorv' confirmed on row with no soy (and no gluten). An explicitly soy-named product matching a soy-free row is a clear false soja-free path; veggie sausages also typically contain soy or wheat protein.,needs-cooking
vitvinssås,vitvinssås,validated,danger,confirmed,dairy,missing-property,"Marked plant-based/vegan but aliased 'smörsås' (butter sauce); white wine sauce is normally cream/butter based, missing dairy",Beurre-blanc-style vitvinssås contains butter/cream; the alias directly names a dairy sauce while props say vegan-friendly.,Marked plant-based/vegan-friendly but aliased 'smörsås' (butter sauce); classic vitvinssås is butter/cream-mounted. The alias directly names a dairy product while props claim vegan → false 'fri från mjölk'.,"contains-alcohol,plant-based,processed,sulfites,vegan-friendly"
wok-sauce,woksås,draft,danger,confirmed,contains-gluten,missing-property,Ready woksås missing contains-gluten,Ready-made wok/stir-fry sauces are soy-sauce based; standard soja is brewed with wheat (the register's own soy-sauce-generic row correctly carries contains-gluten). Soy is tagged but gluten is not — false 'free from gluten'.,"Row 1767 tags soy but not gluten. Ready-made wok/stir-fry sauces are built on standard brewed soy sauce, which contains wheat in the overwhelmingly typical Swedish retail product. Missing contains-gluten → false gluten-free.","plant-based,processed,soy,vegan-friendly"
worcestershire,worcestershiresås,draft,danger,confirmed,contains-gluten,missing-property,Worcestershiresås missing contains-gluten,Standard Worcestershire (Lea & Perrins EU) is made on barley malt vinegar → gluten; fish is correctly present but gluten is not.,Row carries fish but no contains-gluten. EU-market Worcestershire (Lea & Perrins) is made on barley malt vinegar and labels korn as an allergen — gluten miss is real.,"animal-product,fish,processed,seafood"
curry-paste-green,grön currypasta,draft,danger,uncertain,crustacean/fish,missing-property,Marked plant-based/vegan-friendly with no crustacean or fish property,Traditional and many commercial Thai green curry pastes (e.g. Mae Ploy) contain räkpasta (shrimp paste) and sometimes fish sauce; a shellfish-allergic user could get a false 'free from kräftdjur' verdict.,"Row 442 marked plant-based/vegan-friendly, no crustacean/fish. Common Thai brands sold in Sweden (Mae Ploy) contain räkpasta, but common supermarket brands (Santa Maria, Blue Dragon) are vegan. Split market — genuinely-typical-in-part, so uncertain rather than refuted; the explicit vegan-friendly tag makes the omission riskier.","is-spicy,nightshade,plant-based,vegan-friendly"
curry-paste-red,röd currypasta,draft,danger,uncertain,crustacean/fish,missing-property,Marked plant-based/vegan-friendly with no crustacean or fish property,"Red Thai curry paste commonly contains shrimp paste/fish sauce; missing crustacean produces a false free-from verdict. Generic aliases ('currypasta','curry paste') widen the blast radius.","Row 443 same pattern as green paste; shrimp paste common in Thai-brand pastes but absent in major Swedish supermarket brands. Generic aliases ('currypasta','curry paste') widen exposure. Uncertain.","nightshade,plant-based,vegan-friendly"
curry-paste-yellow,gul currypasta,draft,danger,uncertain,crustacean/fish,missing-property,Marked plant-based/vegan-friendly with no crustacean or fish property,Yellow Thai curry paste frequently contains shrimp paste; same false 'free from kräftdjur/fisk' risk as the other pastes.,"Row 444 same brand-split as green/red pastes — shrimp paste frequent in Thai brands, absent in Santa Maria/Blue Dragon lines. Uncertain.","nightshade,plant-based,vegan-friendly"
kimchi,kimchi,draft,danger,uncertain,crustacean,missing-property,Traditional kimchi commonly contains shrimp paste (saeujeot) but row lacks crustacean,"Row already conservatively carries fish (fish sauce) but not crustacean; shrimp paste is at least as common, so a crustacean allergic gets a false 'fri från kräftdjur/skaldjur'.","Row 688 carries fish but not crustacean. Traditional kimchi commonly uses saeujeot (shrimp paste), but Swedish/Western retail kimchi frequently uses only fish sauce or is vegan. Common-but-not-universal → uncertain; since the row already accepts fish, adding crustacean would be the consistent cautious call.","animal-product,fish,is-spicy,seafood"
massaman-curry-paste,massaman currypasta,draft,danger,uncertain,"peanut, crustacean",missing-property,Missing peanut and crustacean (shrimp paste); also wrongly marked vegan-friendly,"Traditional massaman curry paste nearly always contains peanuts and Thai commercial pastes typically contain räkpasta (shrimp paste) and often fish sauce. As tagged, a recipe with it would be marked free from jordnöt and kräftdjur — a dangerous false verdict. vegan-friendly is also wrong for shrimp-paste-containing pastes.","Row 794 marked plant-based/vegan-friendly. Crustacean: Thai brands (Mae Ploy) contain shrimp paste — same brand-split as the other pastes. Peanut: the finished dish nearly always has peanuts but the paste itself often does not (Mae Ploy massaman paste lists no peanut), so the peanut half of the claim is weak. Net: uncertain.","nightshade,plant-based,vegan-friendly"
ponzu,ponzu,draft,danger,uncertain,fish,missing-property,Traditional ponzu (ponzu shōyu) commonly contains bonito/dashi — fish property missing and 'vegan-friendly' likely wrong,Many commercial ponzu sauces include katsuobushi (bonito) extract. Missing 'fish' can produce a false fish-free verdict. Gluten+soy are correctly present.,"Row has gluten+soy but no fish and claims vegan-friendly. Traditional ponzu shōyu and many commercial ones (incl. Kikkoman) contain bonito/katsuobushi, but genuinely fish-free ponzu is also common on shelves. Typical-but-not-universal → uncertain, worth adding fish or dropping vegan-friendly.","contains-gluten,plant-based,soy,vegan-friendly"
tapenade,tapenade,validated,danger,uncertain,fish,missing-property,Classic tapenade contains anchovy but has no fish property,"Traditional and most commercial olive tapenade includes ansjovis/sardeller; also 'plant-based,vegan-friendly' is wrong for the same reason. False 'free from fisk' verdict possible.","Row is plant-based/vegan-friendly, no fish. Classic tapenade includes anchovy and many jars do, but plenty of commercial tapenades are olive/caper-only and genuinely vegan. Typical-but-variable → uncertain; vegan-friendly flag is risky.","plant-based,vegan-friendly"
vanilla-sauce,vaniljsås,validated,danger,uncertain,egg,missing-property,Vaniljsås (custard) typically contains egg yolk but has no egg property,Traditional vaniljsås/vaniljkräm is an egg-yolk custard; only some store-bought variants are egg-free. Missing egg risks a false free-from ägg.,"Row already has dairy+contains-lactose but no egg. Traditional vaniljsås/vaniljkräm is egg-yolk custard, but the common Swedish everyday product (Marsán powder, many ready-made cartons) is egg-free — composition genuinely splits, so missing egg is a plausible but not typical-composition gap.","animal-product,contains-lactose,dairy"
black-bean-sauce,svartbönssås,draft,danger,refuted,contains-gluten,missing-property,Black bean sauce lacks contains-gluten,"Commercial svartbönssås is almost always made with fermented soybeans plus wheat flour/soy sauce containing wheat; soy is tagged but gluten is not, producing a false gluten-free verdict.","Row 153 tagged soy but no gluten. Leading products (e.g. Lee Kum Kee black bean garlic sauce) list no wheat; wheat presence is brand-dependent via added soy sauce, not typical composition. 'Sometimes contains' → legitimate omission per the verification standard.","plant-based,processed,soy,vegan-friendly"
bbq-sauce,bbq-sås,draft,medium,-,sulfites,missing-property,BBQ-sås likely missing sulfites (and often mustard),Commercial barbecue sauce is vinegar-based (sulfites) and many brands include senap; as a processed compound condiment it should carry at least sulfites like the other vinegar rows.,,"nightshade,plant-based,processed,vegan-friendly"
bearnaise,bearnaisesås,draft,medium,-,sulfites,missing-property,Bearnaisesås likely missing sulfites,Bearnaise is built on a white-wine/vinegar reduction; wine and vinegar commonly carry sulfites (cf. balsamic-vinegar and apple-cider-vinegar rows which have it).,,"animal-product,contains-lactose,dairy,doesnt-freeze-well,egg"
beef-veal-cutlet,kalvschnitzel,draft,medium,-,contains-gluten,bad-alias,"Alias 'wiener schnitzel' names the breaded dish, not the plain cut","Kalvschnitzel the raw cut is allergen-free beyond meat, but 'wiener schnitzel' colloquially means the breaded/egg-dipped preparation (gluten + egg); matching that text to this row could hide gluten/egg.",,"animal-product,beef,meat,needs-cooking"
bouillon-powder,buljongpulver,draft,medium,-,celery,bad-alias,Generic buljongpulver assumed plant-based/vegan with alias 'fond pulver',"'Fond pulver' colloquially covers meat/fish fond powders, and Swedish bouillon powders commonly contain celery; the row would match animal fond powders yet report vegan/no meat/fish/celery.",,"plant-based,processed,vegan-friendly"
cheese-string,ostbågar,draft,medium,-,,bad-alias,"Swedish name/aliases 'ostbågar'/'ostsnacks' mean cheese puff snacks, not string cheese","Ostbågar are corn-based cheese-flavoured snacks (a different product); mapping them here misclassifies the ingredient, though dairy is still correctly carried so no free-from allergen risk.",,"animal-product,contains-lactose,dairy,processed"
chicken-broth,kycklingbuljong,draft,medium,-,celery,missing-property,Bouillon cube/powder lacks celery,Swedish buljongtärningar and buljongpulver very commonly contain selleri (declared allergen); missing celery gives a false 'free from selleri' on a compound product the prompt says deserves scrutiny.,,"animal-product,meat,poultry"
chicken-stock-concentrate,kycklingfond koncentrat,draft,medium,-,celery,missing-property,Fond/concentrate lacks celery,Kycklingfond concentrates typically include celery in the vegetable base; same false free-from-selleri risk as the bouillon row.,,"animal-product,meat,poultry,processed"
chocolate-chips,chokladknappar,validated,medium,-,dairy,missing-property,Marked vegan-friendly with no dairy/lactose,Chokladknappar/chokladdroppar sold in Sweden are often milk chocolate or contain milk fat; unqualified generic entry should carry dairy (or be split dark/milk) to avoid a false 'free from mjölk'.,,"plant-based,vegan-friendly"
cocktail-sausages,prinskorv,draft,medium,-,beef,missing-property,Prinskorv is typically a mixed pork/beef sausage; beef property missing,"Most Swedish prinskorv contains both fläsk- and nötkött (brand-dependent). Missing 'beef' can give a false nötkött-free verdict; less definitional than falukorv, hence medium.",,"animal-product,meat,needs-cooking,pork,processed"
cream-of-tartar,vinsyra,validated,medium,-,dairy/contains-lactose,wrong-property,"Marked animal-product,contains-lactose,dairy — cream of tartar is potassium bitartrate, plant-derived","Likely a 'cream'-in-name mistake; produces false 'contains mjölk/laktos'. Not dangerous but wrong, and validated status makes it sticky. Should be plant-based/vegan-friendly.",,"animal-product,contains-lactose,dairy"
cream-sauce,gräddsås,draft,medium,-,contains-gluten,missing-property,Gräddsås missing contains-gluten,Standard Swedish gräddsås is thickened with wheat flour (redning); only dairy is tagged.,,"animal-product,contains-lactose,dairy"
cream-soda-swedish,sockerdricka,validated,medium,-,dairy,wrong-property,Sockerdricka tagged animal-product/dairy/contains-lactose — it is a plain soft drink,"Sockerdricka is carbonated sugar water (no cream despite the English 'cream soda' id); dairy tags produce false 'contains mjölk/laktos' on a vegan drink, and the row is marked validated.",,"animal-product,contains-lactose,dairy"
egg-anchovy-salad,gubbröra,draft,medium,-,dairy,missing-property,Gubbröra lacks dairy despite crème fraîche/majonnäs being standard; alias 'sillröra' is a different dish,"Modern gubbröra recipes almost always include crème fraîche or majonnäs (dairy and/or extra egg — egg already tagged). Alias sillröra (herring spread) is a different dish but shares fish, so the alias is only mildly sloppy.",,"animal-product,egg,fish,seafood"
fish-soup,fisksoppa,draft,medium,-,"dairy, contains-lactose",missing-property,Ready fisksoppa missing dairy/lactose,"Ready-made fisksoppa is typically cream-based; only fish is tagged. Less certain than lobster soup (tomato variants exist), hence medium.",,"animal-product,fish,processed,seafood"
glass-noodles,glasnudlar,validated,medium,-,contains-gluten,wrong-property,Glass noodles (mung bean/cellophane noodles) carry contains-gluten but are made from mung bean or sweet-potato starch and are gluten-free,"Row is validated yet its own aliases (mungbönnudlar, bönstärkelse nudlar) confirm starch-based noodles; false 'contains gluten' unnecessarily blocks glutenfree recipes. Not dangerous but clearly wrong.",,"contains-gluten,plant-based,vegan-friendly"
hamburger-buns,hamburgerbröd,draft,medium,-,dairy,missing-property,Tagged plant-based/vegan-friendly with no dairy/egg; brioche-style hamburgerbröd with milk and egg is very common,"Generic buns vary: many Swedish store buns contain milk (and brioche buns egg). If the register's convention is conservative for compound bakery goods, this row should carry dairy (and possibly egg); currently gives false 'mjölkfri'.",,"contains-gluten,plant-based,vegan-friendly"
hamburger-dressing,hamburgerdressing,validated,medium,-,mustard,missing-property,Hamburger dressing has egg but no mustard; typical recipes/brands include mustard (senap),"Common ingredient in Swedish burgardressing (mayo+ketchup+senap+pickles); could produce a false senap-free verdict, though formulations vary.",,"animal-product,egg,processed"
lobster-soup,hummersoppa,draft,medium,-,"dairy, contains-lactose",missing-property,Ready hummersoppa missing dairy/lactose (and often gluten),Commercial lobster soup is nearly always cream-based and often flour-thickened; only crustacean is tagged.,,"animal-product,crustacean,processed,seafood"
mandelpotatis,mandelpotatis,draft,medium,-,tree-nut,wrong-property,"Mandelpotatis carries tree-nut — it is a potato variety, no almonds","'Mandel' is only the shape name; tagging tree-nut gives every recipe with almond potatoes a false 'contains nötter'. Also oddly missing from group scrutiny: nightshade is fine, tree-nut is not.",,"nightshade,plant-based,tree-nut,vegan-friendly"
miso-paste,misopasta,draft,medium,-,contains-gluten,missing-property,Generic miso may contain barley (mugi miso) — no contains-gluten,"Aliases cover generic 'miso' incl. red miso; barley-based misos carry gluten. Common shiro/rice miso is gluten-free, so this is borderline, but a catch-all miso row without contains-gluten can produce false gluten-free verdicts for celiacs.",,"plant-based,soy,vegan-friendly"
mushroom-chestnut,skogschampinjon,draft,medium,-,tree-nut,wrong-property,tree-nut property on a mushroom (kastanjechampinjon),"Chestnut mushroom is a champinjon variety with no nut content; the name confusion added tree-nut. Produces false 'contains nötter' — annoying, not dangerous, but clearly wrong (and chestnut itself isn't even an EU tree-nut allergen in the same sense).",,"plant-based,tree-nut,vegan-friendly"
mushroom-oyster,ostronskivling,validated,medium,-,animal-product,wrong-property,Tagged animal-product with no plant-based/vegan-friendly; oyster mushroom is a plant/fungus,"Ostronskivling is a mushroom; 'ostron' name confusion likely caused animal-product. No mollusc tag exists so no allergen false-negative, but the row is plainly wrong and would break vegan filtering.",,animal-product
musslor,musslor,validated,medium,-,fish,wrong-property,"Mussels carry the 'fish' property; they are mollusc, not fish",False 'contains fisk' — annoying not dangerous; mollusc/seafood already correct.,,"animal-product,fish,mollusc,needs-cooking,seafood"
mustard-dill-sauce,hovmästarsås,draft,medium,-,"dairy, contains-lactose, egg",wrong-property,"Hovmästarsås tagged dairy, contains-lactose and egg — classic hovmästarsås is oil-vinegar-mustard-dill with neither dairy nor egg","Mustard (the real allergen) is present; dairy/egg produce false 'contains' verdicts. Some variants use crème fraiche, so arguably conservative, but the standard recipe has none.",,"animal-product,contains-lactose,dairy,doesnt-freeze-well,egg,mustard"
oreo-cookies,oreokakor,draft,medium,-,soy,missing-property,Oreo missing soy (lecithin),"Oreos contain soy lecithin, which must be declared as soy in the EU (only fully refined soybean oil is exempt, lecithin is not). Milder because lecithin reactions are rare, but it's still a labeled allergen.",,"contains-gluten,plant-based,vegan-friendly"
pepparkakor,pepparkakor,draft,medium,-,dairy,missing-property,Pepparkakor tagged vegan-friendly with no dairy,"Homemade and many commercial pepparkakor contain butter; some store brands are vegan, so this is variant-dependent but the safe default is dairy.",,"contains-gluten,plant-based,vegan-friendly"
pralin,pralin,draft,medium,-,dairy,missing-property,Pralin lacks dairy and is marked vegan-friendly,Nötpraliner are typically chocolate-coated confectionery containing milk; tree-nut is present but dairy usually applies. Medium since composition varies (pure caramelized nuts exist).,,"plant-based,tree-nut,vegan-friendly"
rödvinssås,rödvinssås,validated,medium,-,meat,missing-property,Red wine sauce marked plant-based/vegan; typically made on meat fond and finished with butter,"Bordelaise (its own alias) is built on beef/veal stock and butter — missing meat and dairy. Medium since some versions are vegetarian, but the bordelaissås alias implies the classic.",,"contains-alcohol,plant-based,processed,sulfites,vegan-friendly"
sauce-forestiere,sauce forestiere,validated,medium,-,dairy,missing-property,Forestière mushroom sauce marked plant-based/vegan; classically a cream sauce,Skogssås/svampsås is almost always cream-based in Swedish usage; missing dairy/contains-lactose.,,"plant-based,processed,vegan-friendly"
senapsdressing,senapsdressing,validated,medium,-,egg,missing-property,Honey-mustard dressing has mustard but no egg despite often being mayo-based,Alias 'honung-senap' style dressings are frequently mayonnaise-based (egg); borderline since vinaigrette versions exist.,,"mustard,processed"
shea-butter,sheasmör,validated,medium,-,dairy,wrong-property,Sheasmör tagged animal-product + dairy; it is a pure plant fat,"Shea butter comes from the shea tree nut (not an Annex II tree nut, exempted like coconut); dairy/animal-product are flat-out wrong and would produce false 'contains mjölk' and hide it from vegan filtering.",,"animal-product,dairy"
snow-peas,haricots verts platta,validated,medium,-,,other,"Swedish name 'haricots verts platta' is wrong — haricots verts are green beans, not snow peas",Snow peas are 'sockerärtor/kinaärtor'; the name could cause matching of green-bean rows to this entry. No allergen impact but a real naming error.,,"plant-based,vegan-friendly"
soltorkad-tomat,soltorkad tomat,validated,medium,-,sulfites,missing-property,Sun-dried tomatoes commonly sulfite-treated and often oil-packed; also miscategorized as vegetable/leaf,Torkad frukt/grönsak is a classic sulfite carrier (register tags sulfites on vinäger/vin consistently but not here); group should be vegetable/fruit-veg.,,"nightshade,plant-based,vegan-friendly"
spring-roll-wrappers,vårrulleark,validated,medium,-,contains-gluten,bad-alias,"Aliases 'rispapper,risdeg' refer to gluten-free rice paper, a different product than wheat spring-roll wrappers",Matching rice paper to this gluten-tagged row gives a false 'contains gluten' (annoying) and blurs two distinct products; keep wheat wrappers and rice paper separate.,,"contains-gluten,plant-based,vegan-friendly"
sultanina,sultanina,validated,medium,-,sulfites,missing-property,Golden raisins (sultanas) are the textbook sulfite-treated dried fruit but carry no sulfites,Gyllene russin keep their color specifically via sulfur dioxide treatment; register tags sulfites on wine/vinegar so dried fruit should follow the same practice.,,"plant-based,vegan-friendly"
taco-shells,tacoskal,draft,medium,-,contains-gluten,wrong-property,contains-gluten on corn taco shells conflicts with its own alias 'majsskal',"Hard taco shells are typically 100% corn and gluten-free; conservative false 'contains' is not dangerous, but the row contradicts itself and should be resolved (or split wheat vs corn shells).",,"contains-gluten,plant-based,vegan-friendly"
tempura-batter,tempurasmet,validated,medium,-,egg,missing-property,Tempura batter has gluten but no egg; classic tempura batter contains egg,Traditional tempura smet is flour + egg + water; many mixes contain egg powder. Vegan-friendly claim is doubtful.,,"contains-gluten,plant-based,vegan-friendly"
veggie-bacon,vegetariskt bacon,draft,medium,-,soy and/or contains-gluten,missing-property,Vegetariskt bacon has only 'processed' — no allergen properties,Vegobacon is typically soy- or seitan(wheat)-based; empty allergen set → false free-from.,,processed
veggie-meatballs,vegetariska köttbullar,draft,medium,-,"soy, contains-gluten, egg (product-typical)",missing-property,Vegetariska köttbullar have only 'processed' — no allergen properties at all,Commercial veggie meatballs almost always contain soy and/or wheat protein and often egg; an empty allergen set makes every verdict 'free from'.,,processed
vinaigrette,vinaigrette,validated,medium,-,mustard,missing-property,Vinaigrette lacks mustard even though classic vinaigrette/salladsdressing normally contains Dijon,"Mustard is a standard emulsifier in vinaigrette; senap is a declared EU allergen. Not universal, hence medium.",,"doesnt-freeze-well,plant-based,processed,sulfites,vegan-friendly"
waffle-mix,våffelmix,draft,medium,-,"dairy (milk powder), possibly egg",missing-property,Våffelmix tagged vegan-friendly with no dairy/egg,Commercial Swedish waffle/pancake mixes commonly contain skummjölkspulver; gluten is present but dairy risk is unmodelled.,,"contains-gluten,plant-based,processed,vegan-friendly"
water-chestnuts,vattenkastajer,draft,medium,-,tree-nut,wrong-property,Vattenkastanj tagged tree-nut,"Water chestnut is an aquatic vegetable corm, not a nut — false 'contains nötter' on many Asian recipes. Also the Swedish name is misspelled ('vattenkastajer').",,"plant-based,tree-nut,vegan-friendly"
wiener-sausage,wienerkorv,draft,medium,-,beef,missing-property,Wienerkorv/varmkorv commonly contains beef in addition to pork; beef property missing,"Many Swedish varmkorv products are pork+beef mixes. Brand-dependent, so medium rather than danger, but a conservative register should carry beef on generic korv rows.",,"animal-product,meat,needs-cooking,pork,processed"
bread-spice-mix,brödkryddor,validated,low,-,contains-gluten,wrong-property,Brödkryddor tagged contains-gluten,"Bread spice is anise/fennel/caraway/pomerans — no gluten source; produces false 'contains gluten' (annoying, not dangerous).",,"contains-gluten,plant-based,vegan-friendly"
butter-biscuit,smörkex,validated,low,-,contains-gluten,bad-alias,"Alias 'butterscotch' means a caramel candy, not a butter biscuit",Butterscotch is dairy candy without gluten; matching it to smörkex adds a false gluten 'contains'. Wrong direction is safe but the alias is simply incorrect.,,"animal-product,contains-gluten,contains-lactose,dairy"
casein,kasein,draft,low,-,contains-lactose,wrong-property,Casein tagged contains-lactose,"Purified casein/casein protein is essentially lactose-free (milk protein, not milk sugar); dairy is correct, but contains-lactose gives a false 'contains laktos'.",,"animal-product,contains-lactose,dairy,processed"
chestnut-flour,kastanjemjöl,draft,low,-,tree-nut,wrong-property,Chestnut flour tagged tree-nut; chestnut is not an EU tree-nut allergen,"Same as chestnuts — false 'contains nötter', annoying rather than dangerous.",,"plant-based,tree-nut,vegan-friendly"
chestnuts,kastanjer,draft,low,-,tree-nut,wrong-property,Chestnuts tagged tree-nut but chestnut is not an EU Annex II tree nut,"EU allergen list enumerates specific nuts (almond, hazelnut, walnut, cashew, pecan, brazil, pistachio, macadamia); chestnut is excluded, so this creates a false 'contains nötter' verdict.",,"plant-based,tree-nut,vegan-friendly"
cocktail-sauce,cocktailsås,validated,low,-,"fish, seafood",wrong-property,Cocktailsås tagged fish/seafood,Rose/cocktail sauce is mayo+ketchup+cream; it is served WITH seafood but contains none. False 'contains fisk'. (Egg tag is correct.),,"animal-product,egg,fish,nightshade,processed,seafood"
coconut-whole,kokosnöt,validated,low,-,tree-nut,wrong-property,Whole coconut carries tree-nut property,"Coconut is not among the EU Annex II tree nuts and coconut-allergy is distinct; this yields false 'contains nötter'. Note inconsistency: sibling coconut rows (flesh, milk, oil) have no tree-nut. Annoying, not dangerous.",,"plant-based,tree-nut,vegan-friendly"
conchiglie,snäckor,draft,low,-,mollusc,bad-alias,Swedish name/context 'snäckor' colloquially also means snails/sea snails,"A recipe saying 'snäckor' in a seafood context (escargots, sea snails = mollusc) could match this gluten pasta with no mollusc property. Low likelihood in Swedish home recipes but worth a disambiguating alias.",,"contains-gluten,plant-based,vegan-friendly"
cranberry-juice,tranbärsjuice,validated,low,-,,bad-alias,Alias 'lingonsaft' is a different product (lingonberry drink),"No allergen difference, but the alias maps lingon drinks to cranberry juice — data-quality noise rather than safety risk.",,"plant-based,vegan-friendly"
fiddlehead,stensöta,draft,low,-,,other,Swedish name 'stensöta' is a different fern (Polypodium); fiddlehead/ormbunksskott is the intended ingredient,"Naming error, no allergen impact; could mislabel recipes. Alias 'ormbunksknoppar' is the correct concept.",,"needs-cooking,plant-based,vegan-friendly"
fish-broth,fiskbuljong,draft,low,-,,wrong-group,Fiskbuljong grouped under other/beverage instead of a broth/stock or condiment group,"Allergen props (fish, seafood, animal-product) are correct, so no safety impact, but 'beverage' is clearly the wrong category for a stock/fond.",,"animal-product,fish,seafood"
gingerbread-spice,pepparkakskrydda,draft,low,-,contains-gluten,wrong-property,"Pepparkakskrydda tagged contains-gluten; it is a pure spice blend (cinnamon, ginger, cloves, cardamom) with no cereal component","False 'contains gluten' verdict on any recipe using gingerbread spice; annoying over-blocking, not a safety risk.",,"contains-gluten,plant-based,vegan-friendly"
gronsaksblandning,grönsaksblandning,validated,low,-,,wrong-group,Mixed vegetables grouped as vegetable/leaf,Cosmetic; frozen veg mixes are allergen-clean so no safety impact.,,"plant-based,vegan-friendly"
hemp-milk,hampadryck,validated,low,-,animal-product,wrong-property,Hemp drink tagged animal-product instead of plant-based/vegan-friendly,Hampadryck is fully plant-based; animal-product is not allergen-mapped but is clearly wrong and could mislead vegan filtering.,,animal-product
honeydew-melon,honungsmelon,validated,low,-,animal-product,wrong-property,Plain melon carries animal-product alongside plant-based,Contradictory props on plain produce; not allergen-mapped but wrong.,,"animal-product,doesnt-freeze-well,plant-based"
household-cheese,hushållsost,draft,low,-,dairy,bad-alias,"Alias 'husmanskost' means traditional home cooking, not hushållsost","Any recipe text mentioning 'husmanskost' would falsely match a dairy cheese — false 'contains mjölk', annoying rather than dangerous.",,"animal-product,contains-lactose,dairy"
jellyfish,manet,draft,low,-,seafood,wrong-group,Jellyfish grouped under protein/seafood/shellfish with generic seafood prop but is neither crustacean nor mollusc,"Cnidarian, not an EU-14 shellfish; if 'seafood' feeds the combined skaldjur verdict this produces a false 'contains skaldjur' (safe direction, but miscategorized).",,"animal-product,needs-cooking,seafood"
kastanj,kastanj,draft,low,-,tree-nut,wrong-property,"Sweet chestnut tagged tree-nut, but chestnut is not on the EU Annex II tree-nut list","EU tree nuts = almond, hazelnut, walnut, cashew, pecan, brazil, pistachio, macadamia. False 'contains nötter' for chestnut; arguably conservative-safe, so low severity.",,"plant-based,tree-nut,vegan-friendly"
krossad-tomat,krossad tomat,validated,low,-,,wrong-group,Crushed tomatoes grouped as vegetable/onion-family,"Should be fruit-veg like other tomato rows (58, 138); passerad-tomat (123) has the same mistake. No allergen impact.",,"nightshade,plant-based,vegan-friendly"
kryddkål,kryddkål,validated,low,-,,wrong-group,Savoy cabbage grouped as vegetable/onion-family,"Cabbage is a brassica leaf vegetable, not onion-family; no allergen impact.",,"plant-based,vegan-friendly"
mealworms,mjölmask,validated,low,-,,other,Edible insects marked with the 'meat' property and no crustacean cross-allergy note,"EU novel-food labeling requires a crustacean/dust-mite cross-reactivity warning for insects; the schema has no dedicated prop, but a crustacean-allergic user relying on 'fri från kräftdjur' is a residual risk worth noting.",,"animal-product,meat,needs-cooking,processed"
medwurst,medwurst,draft,low,-,,bad-alias,"Alias 'leverwurst' names a different product (liver sausage), and 'medisterkorv' is also a distinct sausage","Both aliases are pork-based so allergen impact is limited, but leverwurst/medisterkorv frequently contain milk protein, which medvurst's row (no dairy) would then miss when matched via alias.",,"animal-product,meat,pork,processed"
oat-cream,havregrädde,draft,low,-,,wrong-group,Plant-based oat cream grouped under protein/dairy,"Havregrädde is a vegan cream substitute; props are correct (no dairy, contains-gluten present), but protein/dairy group is a miscategorization.",,"contains-gluten,plant-based,vegan-friendly"
passerad-tomat,passerad tomat,validated,low,-,,wrong-group,Passata grouped as vegetable/onion-family,Same miscategorization as krossad-tomat; no allergen impact.,,"nightshade,plant-based,vegan-friendly"
pork-belly,sidfläsk,draft,low,-,,bad-alias,Generic aliases 'fläsk' and 'fläskkött' mapped to sidfläsk specifically,"Allergen-safe (still pork/meat) but 'fläskkött' in a recipe usually means any pork cut, not belly — affects matching quality, not safety.",,"animal-product,meat,needs-cooking,pork"
rice,ris,validated,low,-,dairy,bad-alias,"Alias 'risotto' on plain rice — risotto colloquially means the finished dish (parmesan, wine, butter)",A recipe line 'risotto' matched to plain rice could mask dairy/sulfites of the actual dish; low because ingredient lines usually mean risotto rice.,,"plant-based,vegan-friendly"
sea-lettuce,havssallad,validated,low,-,,wrong-group,"Seaweeds (sea-lettuce, nori, wakame) grouped as vegetable/root","Algae are not root vegetables; no allergen impact, cosmetic categorization issue (also seaweed-nori, seaweed-wakame).",,"doesnt-freeze-well,plant-based,vegan-friendly"
soy-cream,sojagrädde,draft,low,-,dairy (group),wrong-group,Soy cream grouped under protein/dairy,"It is a plant-based dairy substitute; props correctly omit dairy so verdicts are unaffected, but the group is misleading.",,"plant-based,soy,vegan-friendly"
spenat,spenat,validated,low,-,,wrong-group,Spinach grouped under vegetable/onion-family,Should be vegetable/leaf; no allergen impact.,,"plant-based,vegan-friendly"
spit-cake,spettekaka,draft,low,-,contains-gluten,wrong-property,"Spettekaka tagged contains-gluten, but it is traditionally made with potato starch (gluten-free)","Classic skånsk spettekaka = eggs + sugar + potatismjöl; the gluten tag is a false 'contains'. Some commercial variants add wheat, so keeping it is conservative — low severity, verify recipe basis.",,"animal-product,contains-gluten,egg"
vinegar-essence-12,ättikssprit 12%,draft,low,-,sulfites,wrong-property,Ättikssprit tagged sulfites,"Ättikssprit is diluted synthetic acetic acid, not fermented wine vinegar — it does not contain sulfites. Produces a false 'contains sulfiter' (annoying, not dangerous). Same applies to vinegar-essence-24.",,"plant-based,sulfites,vegan-friendly"
vinegar-essence-24,ättikssprit 24%,draft,low,-,sulfites,wrong-property,Ättikssprit 24% tagged sulfites,Same as the 12% row: synthetic acetic acid carries no sulfites; false 'contains' verdict.,,"plant-based,sulfites,vegan-friendly"
wheat-starch,vetestärkelse,draft,low,-,contains-gluten,wrong-group,Wheat starch grouped under grain/flour/gluten-free while carrying contains-gluten,"Props are correct (safe default: non-certified vetestärkelse contains gluten), but the gluten-free group is contradictory and could mislead future edits.",,"contains-gluten,plant-based,vegan-friendly"
white-vinegar,ättika,draft,low,-,sulfites,wrong-property,Ättika tagged sulfites,"Ättika/ättikssprit is diluted synthetic acetic acid, not fermented wine vinegar — sulfites unwarranted; false 'contains sulfiter'.",,"plant-based,sulfites,vegan-friendly"
äggrom,äggrom,validated,low,-,,other,"Name 'äggrom' suggests egg but row is fish roe (props fish, alias fiskrom); ambiguous naming could match egg-yolk contexts","Props are correct for roe (fish, no egg); flagging only the confusing id/name which could mismatch recipe text like 'äggula'.",,"animal-product,fish,needs-cooking,seafood"
